{"cameraMode":{"drawMode":0,"name":"Shaded","section":"Shading Mode"},"sceneLighting":true,"audioPlay":false,"sceneViewState":{"m_AlwaysRefresh":false,"showFog":true,"showSkybox":true,"showFlares":true,"showImageEffects":true,"showParticleSystems":true,"showVisualEffectGraphs":true,"m_FxEnabled":true},"in2DMode":false,"pivot":{"x":-0.5518308877944946,"y":-1.5857638120651246,"z":-3.454129219055176},"rotation":{"x":0.10928298532962799,"y":0.005070495419204235,"z":-0.0005593235837295651,"w":0.9940131902694702},"size":3.1854305267333986,"orthographic":false}