{"cameraMode":{"drawMode":0,"name":"Shaded","section":"Shading Mode"},"sceneLighting":true,"audioPlay":false,"sceneViewState":{"m_AlwaysRefresh":false,"showFog":true,"showSkybox":true,"showFlares":true,"showImageEffects":true,"showParticleSystems":true,"showVisualEffectGraphs":true,"m_FxEnabled":true},"in2DMode":false,"pivot":{"x":-25.051475524902345,"y":1.666130542755127,"z":8.267210006713868},"rotation":{"x":-0.09162633121013642,"y":0.29332277178764346,"z":0.02815486118197441,"w":0.9512367844581604},"size":21.274974822998048,"orthographic":false}