{"cameraMode":{"drawMode":0,"name":"Shaded","section":"Shading Mode"},"sceneLighting":true,"audioPlay":false,"sceneViewState":{"m_AlwaysRefresh":false,"showFog":true,"showSkybox":true,"showFlares":true,"showImageEffects":true,"showParticleSystems":true,"showVisualEffectGraphs":true,"m_FxEnabled":true},"in2DMode":false,"pivot":{"x":4.780158996582031,"y":-6.895072937011719,"z":6.5540313720703129},"rotation":{"x":0.22533470392227174,"y":-0.3682352602481842,"z":0.09237827360630036,"w":0.8973029851913452},"size":19.559696197509767,"orthographic":false}